"";"X";"ID2021";"Valor_orçado2021";"Valor_empenhado_acum2021";"Unidade.Medida2021";"Produto2021";"Quant.Orçada2021";"Quant.Executaa2021";"Justificativa..a.implantação.depende.de.licitação.2021";"valor_orcado2020";"valor_empenhado2020";"descricao_medida2020";"descricao_produto2020";"qtde_prevista2020";"qtde_executada_ate_periodo2020";"justificativa2020";"valor_orcado2019";"valor_empenhado2019";"descricao_medida2019";"descricao_produto2019";"qtde_prevista2019";"qtde_executada_ate_periodo2019";"justificativa2019";"valor_orcado2018";"valor_empenhado2018";"unidade_medida2018";"Produto2018";"qtde_prevista2018";"Executado2018";"justificativa2018";"programa";"acao";"subacao"
"1";1;13212681;0;"0";"-";"-";"-";"-";"-";0;"0";"-";"-";"-";"-";"-";0;"0";"-";"-";"-";"-";"-";635580;"88727,93";"Unidade";"Próprio construído, ampliado, reformado ou mantido";"1";"0";"Sem execução até o momento. Nota de empenho emitida em Abril/2018, referente indenização devido majoração de ISSQN para o contrato de execução de obra de reforma do Restaurante Popular II.";"Segurança Alimentar e Nutricional na Perspectiva do Direito e da Assistência Alimentar";"Construção, Ampliação e Reforma de Restaurantes Populares";"Construção, Ampliação e Reforma de Restaurantes Populares"
"2";2;13221201;0;"0";"-";"-";"-";"-";"-";0;"0";"-";"-";"-";"-";"-";331060;"636080,75";"-";"-";"-";"-";"-";7520544;"5651165,85";"-";"-";"-";"-";"-";"Segurança Alimentar e Nutricional na Perspectiva do Direito e da Assistência Alimentar";"Gestão da Assistência Alimentar à Rede Socioassistencial";"Gestão  e Monitoramento da Assistência Alimentar à Rede Social Conveniada"
"3";3;13221202;6359375;"4491676,38";"Unidade";"Refeição Servida";"6952000";"4099789";"-";6233254;"6080598,95";"Unidade";"Refeição Servida";"6952000";"6637025";"O dimensionamento da meta depende de fatores externos, como previsão do atendimento pelos serviços da alta e média complexidade dos serviços socioassistenciais e também de adesão dos beneficiários.";5247000;"5429530,04";"Unidade";"Refeição Servida";"6921090";"6587079";"O dimensionamento da meta depende  de fatores externos, como previsão de atendimento pela SUASS e também de adesão dos beneficiários.";5619800;"5018836,13";"Unidade";"Refeição Servida";"6921090";"7112520";"A demanda de consumo pode variar ao longo do ano, seja pela entrada e saída de beneficiários, seja pela adesão às refeições.";"Segurança Alimentar e Nutricional na Perspectiva do Direito e da Assistência Alimentar";"Gestão da Assistência Alimentar à Rede Socioassistencial";"Assistência Alimentar às Unidades de Acolhimento Institucional"
"4";4;13221203;0;"0";"-";"-";"-";"-";"-";0;"0";"-";"-";"-";"-";"-";30210;"30030,92";"Unidade";"Refeição Servida";"30000";"37172";"O dimensionamento da meta depende  de fatores externos, como previsão de atendimento pela SUASS e também de adesão dos beneficiários.";30000;"19250";"Unidade";"Refeição Servida";"30000";"18724";"A demanda depende das atividades dos CRAS e da adesão das famílias dos territórios.";"Segurança Alimentar e Nutricional na Perspectiva do Direito e da Assistência Alimentar";"Gestão da Assistência Alimentar à Rede Socioassistencial";"Assistência Alimentar aos CRAS"
"5";5;13221204;1730582;"33519,5";"Família";"Família beneficiada";"1600";"523";"-";1175044;"200731";"Família";"Família beneficiada";"1000";"2091";"Qtde executada foi maior devido ao número de refeições destinadas às famílias desabrigadas ou desalojadas das áreas de risco demandadas pela Coordenadoria Municipal de Defesa Civil – COMDEC durante as chuvas fortes no início do ano";520000;"374359,42";"Família";"Família beneficiada";"1000";"4026";"O dimensionamento da meta depende  de fatores externos, como previsão de atendimento pela SUASS e também de adesão dos beneficiários.";1e+06;"45163,65";"Família";"Família beneficiada";"1000";"460";"Em face de restrições do período eleitoral, houve atrasos na implementação do atendimento às famílias em situação de extrema pobreza.


";"Segurança Alimentar e Nutricional na Perspectiva do Direito e da Assistência Alimentar";"Gestão da Assistência Alimentar à Rede Socioassistencial";"Assistência Alimentar às Familias em Situações Emergenciais"
"6";6;13221205;0;"93556150,74";"Unidade";"Cesta básica concedida";"0";"1287796";"Continuidade da pandemia";0;"106958539,65";"Unidade";"Cesta básica concedida";"0";"1161606";"Trata-se de contratação emergencial para combater os efeitos economicos e sociais da pandemia do COVID-19, garantindo o acesso à alimentação


";0;"0";"-";"-";"-";"-";"-";0;"0";"-";"-";"-";"-";"-";"Segurança Alimentar e Nutricional na Perspectiva do Direito e da Assistência Alimentar";"Gestão da Assistência Alimentar à Rede Socioassistencial";"Alimentação para famílias vulneráveis (Covid-19)"
"7";7;13221206;0;"0";"-";"-";"-";"-";"-";0;"0";"Unidade";"Cesta básica concedida";"0";"0";"-";0;"0";"-";"-";"-";"-";"-";0;"0";"-";"-";"-";"-";"-";"Segurança Alimentar e Nutricional na Perspectiva do Direito e da Assistência Alimentar";"Gestão da Assistência Alimentar à Rede Socioassistencial";"Alimentação para famílias de alunos da rede pública e parceira - Covid-19"
"8";8;13223071;26589496;"17734830,65";"Unidade";"Refeição Servida";"2750000";"1298555";"-";26329548;"23307945,23";"Unidade";"Refeição Servida";"2850000";"1869896";"Em função da Pandemia instaurada pelo Corona virus COVID-19, a demanda pelos Restaurantes Populares diminuiu consideravelmente, pois parte da população está em isolamento social além das atividades comerciais estarem restritas.


";23505100;"24578688,78";"Unidade";"Refeição Servida";"2850000";"2574524";"Não ampliação do serviço conforme havíamos previsto a possibilidade à época de criação da meta";27029530;"21705084,18";"Unidade";"Refeição Servida";"3e+06";"2427888";"A execução foi menor devido ao atraso em reabrir o café da manhã e o jantar e a não implantação da abertura do RP1 nos finais de semana e feriado.";"Segurança Alimentar e Nutricional na Perspectiva do Direito e da Assistência Alimentar";"Gestão dos Restaurantes e Refeitórios Populares";"Modernização, manutenção e fornecimento de refeições subsidiadas em restaurantes e refeitórios populares"
"9";9;13223073;0;"0";"-";"-";"-";"-";"-";0;"0";"-";"-";"-";"-";"-";558000;"102528,66";"Percentual de execução";"Equipamento modernizado";"25";"19";"Atraso na liberação do recurso de contrato de repasse para aquisição de parte dos equipamentos necessários";1e+06;"9683";"Unidade";"Equipamento mantido";"3";"0";"Atraso na licitação de equipamentos. Empenhos refere-se ao inicio das aquisições. Menos de 1% do previsto.";"Segurança Alimentar e Nutricional na Perspectiva do Direito e da Assistência Alimentar";"Gestão dos Restaurantes e Refeitórios Populares";"Modernização de Restaurantes e refeitórios populares"
"10";10;13223075;0;"0";"-";"-";"-";"-";"-";0;"0";"-";"-";"-";"-";"-";0;"0";"-";"-";"-";"-";"-";55120;"34422,31";"Unidade";"Pesquisa realizada";"12";"12";"-";"Segurança Alimentar e Nutricional na Perspectiva do Direito e da Assistência Alimentar";"Gestão dos Restaurantes e Refeitórios Populares";"Pesquisa Mensal de Gêneros Alimentícios e Material de Higiene e Limpeza"
"11";11;13223076;350000;"0";"Unidade";"Próprio construído, ampliado, reformado ou mantido";"1";"0";"-";0;"0";"-";"-";"-";"-";"-";4e+05;"0";"Unidade";"Próprio construído, ampliado, reformado ou mantido";"1";"0";"ADEQUAÇÃO/REPROGRAMAÇÃO DO PLANO DE OBRAS.";0;"0";"-";"-";"-";"-";"-";"Segurança Alimentar e Nutricional na Perspectiva do Direito e da Assistência Alimentar";"Gestão dos Restaurantes e Refeitórios Populares";"Construção de Refeitório Popular"
"12";12;13223077;500;"0";"-";"-";"-";"-";"-";0;"253251,54";"-";"-";"-";"-";"-";0;"0";"-";"-";"-";"-";"-";0;"0";"-";"-";"-";"-";"-";"Segurança Alimentar e Nutricional na Perspectiva do Direito e da Assistência Alimentar";"Gestão dos Restaurantes e Refeitórios Populares";"Ações de Enfrentamento ao Covid-19"
"13";13;13227611;0;"0";"-";"-";"-";"-";"-";20584800;"3905019,08";"Unidade";"Refeição Servida";"19593400";"2077899";"Não executada a quantidade orçada devido a suspensão das aulas como ação de contenção da Pandemia (Covid-19)";8643678;"16531775,86";"Unidade";"Refeição Servida";"20820200";"17037232";"Apesar do registro de número de alunos matriculados, o dimensionamento da meta depende  da adesão destes beneficiários.";8713868;"9557480,62";"Unidade";"Refeição Servida";"20820200";"16205384";"A demanda é espontânea, por isso, a meta prevista pode não corresponder ao executado";"Segurança Alimentar e Nutricional na Perspectiva do Direito e da Assistência Alimentar";"Gestão da Alimentação Escolar";"Alimentação para as Unidades de Ensino Fundamental"
"14";14;132276110;750;"0";"Percentual";"Alimento Adquirido";"30";"0";"-";750;"0";"Percentual";"Alimento Adquirido";"30";"5,57";"Não executada a quantidade orçada devido a suspensão das aulas como ação de contenção da Pandemia (Covid-19)";750;"0";"Percentual";"Alimento Adquirido";"30";"11,67";"Houve alteração do posicionamento institucional da CCG em relação à pesquisa de preços da Agricultura Familiar; morosidade dos processos licitatórios; e dificuldade de mobilização, organização e logísitica por parte das cooperativas e associações.";1000;"0";"Quilo";"Alimento Adquirido";"5e+05";"285448";"Ausência de informações do Mapa de Produção da Agricultura Familiar; fragilidade da organização dos pequenos agricultores e pouca agilidade dos processo e fluxos de licitação.";"Segurança Alimentar e Nutricional na Perspectiva do Direito e da Assistência Alimentar";"Gestão da Alimentação Escolar";"Aquisição de Alimentos em Compras da Agricultura Familiar no âmbito do Programa Nacional de Alimentação Escolar - PNAE"
"15";15;132276111;2000;"65902191,45";"Unidade";"Cesta básica concedida";"142000";"891329";"Concessão das cestas foi continuada devido a pandemia, retorno parcial das aulas e manutenção da situação de insegurança alimentar dos estudantes.";0;"90902520,76";"Unidade";"Cesta básica concedida";"0";"1048745";"Trata-se de contratação emergencial para combater os efeitos economicos e sociais da pandemia do COVID-19, granatindo o acesso à alimentação";0;"0";"-";"-";"-";"-";"-";0;"0";"-";"-";"-";"-";"-";"Segurança Alimentar e Nutricional na Perspectiva do Direito e da Assistência Alimentar";"Gestão da Alimentação Escolar";"Alimentação para alunos da rede pública e parceira (Covid-19)"
"16";16;132276112;43756456;"3323514,57";"Unidade";"Refeição Servida";"91147338";"3466278";"-";0;"0";"-";"-";"-";"-";"-";0;"0";"-";"-";"-";"-";"-";0;"0";"-";"-";"-";"-";"-";"Segurança Alimentar e Nutricional na Perspectiva do Direito e da Assistência Alimentar";"Gestão da Alimentação Escolar";"Alimentação Escolar para as unidades de Educação Infantil, Ensino Fundamental e EJA"
"17";17;13227612;0;"0";"-";"-";"-";"-";"-";9240400;"1453282,14";"Unidade";"Refeição Servida";"23210600";"3343662";"Não executada a quantidade orçada devido a suspensão das aulas como ação de contenção da Pandemia (Covid-19)";8293608;"9272922,99";"Unidade";"Refeição Servida";"21712200";"24459304";"Apesar do registro de número de crianças e adolescentes cadastrados, o dimensionamento da meta depende  da adesão destes beneficiários.";8759860;"8309278,41";"Unidade";"Refeição Servida";"21712200";"22519828";"Houve aumento da demanda em razão da ampliação do número de vagas nas Umeis ao longo do ano.";"Segurança Alimentar e Nutricional na Perspectiva do Direito e da Assistência Alimentar";"Gestão da Alimentação Escolar";"Alimentação para Unidades Municipais de Educação Infantil - UMEIS"
"18";18;13227613;0;"0";"-";"-";"-";"-";"-";99820;"15625,38";"Unidade";"Refeição Servida";"14009400";"2059710";"Não executada a quantidade orçada devido a suspensão das aulas como ação de contenção da Pandemia (Covid-19)";11563016;"4901950,03";"Unidade";"Refeição Servida";"20996400";"16555701";"Apesar do registro de número de alunos matriculados, o dimensionamento da meta depende  da adesão destes beneficiários.";11596697;"11006338,74";"Unidade";"Refeição Servida";"20996400";"18455787";"A demanda é espontânea, por isso, a meta prevista pode não corresponder ao executado.";"Segurança Alimentar e Nutricional na Perspectiva do Direito e da Assistência Alimentar";"Gestão da Alimentação Escolar";"Alimentação para as Unidades do Programa Escola Integrada"
"19";19;13227614;0;"0";"-";"-";"-";"-";"-";980000;"24535,86";"Unidade";"Refeição Servida";"2692000";"256740";"Não executada a quantidade orçada devido a suspensão das aulas como ação de contenção da Pandemia (Covid-19)";1224040;"1101134,79";"Unidade";"Refeição Servida";"2791800";"2124724";"Apesar do registro de número de alunos matriculados, o dimensionamento da meta depende  da adesão destes beneficiários.";1025384;"1074040,31";"Unidade";"Refeição Servida";"2791800";"2753971";"A demanda é espontânea, por isso, a meta prevista pode não corresponder ao executado.";"Segurança Alimentar e Nutricional na Perspectiva do Direito e da Assistência Alimentar";"Gestão da Alimentação Escolar";"Alimentação para as Unidades de Educação de Jovens e Adultos - EJA"
"20";20;13227615;0;"0";"-";"-";"-";"-";"-";0;"0";"-";"-";"-";"-";"-";0;"0";"-";"-";"-";"-";"-";1000;"0";"Percentual";"Demanda atendida";"100";"100";"-";"Segurança Alimentar e Nutricional na Perspectiva do Direito e da Assistência Alimentar";"Gestão da Alimentação Escolar";"Atendimento das Demandas de Dietas Especiais"
"21";21;13227616;0;"0";"-";"-";"-";"-";"-";12001800;"1406281,86";"Unidade";"Refeição Servida";"23686200";"3049716";"Não executada a quantidade orçada devido a suspensão das aulas como ação de contenção da Pandemia (Covid-19)";10349284;"10578267,74";"Unidade";"Refeição Servida";"20614000";"22730847";"Apesar do registro de número de crianças e adolescentes cadastrados, o dimensionamento da meta depende  da adesão destes beneficiários.";10168925;"8916194,4";"Unidade";"Refeição Servida";"20614000";"20657858";"A demanda depende da frequência, além de ter havido redimensionado do número de vagas nas creches.";"Segurança Alimentar e Nutricional na Perspectiva do Direito e da Assistência Alimentar";"Gestão da Alimentação Escolar";"Alimentação para as Unidades de Creches Parceiras"
"22";22;13227617;636233;"123114,83";"-";"-";"-";"-";"-";324621;"288707,68";"-";"-";"-";"-";"-";167360;"218193,58";"-";"-";"-";"-";"-";3387281;"3411672,32";"-";"-";"-";"-";"-";"Segurança Alimentar e Nutricional na Perspectiva do Direito e da Assistência Alimentar";"Gestão da Alimentação Escolar";"Gestão e Monitoramento da Alimentação Escolar"
"23";23;13227618;0;"0";"-";"-";"-";"-";"-";1200000;"148620,42";"Unidade";"Refeição Servida";"1803800";"264281";"Não executada a quantidade orçada devido a suspensão das aulas como ação de contenção da Pandemia (Covid-19)";1060000;"978337,63";"Unidade";"Refeição Servida";"1876662";"1857199";"Apesar do registro de número de crianças e adolescentes cadastrados, o dimensionamento da meta depende  da adesão destes beneficiários.";1e+06;"1003316,57";"Unidade";"Refeição Servida";"1846800";"1973740";"A demanda é espontânea e pode variar ao longo do ano, conforme cardápio e frequência.";"Segurança Alimentar e Nutricional na Perspectiva do Direito e da Assistência Alimentar";"Gestão da Alimentação Escolar";"Alimentação para as Unidades Parceiras de Atendimento Educacional Integrado"
"24";24;13227619;0;"0";"-";"-";"-";"-";"-";0;"0";"-";"-";"-";"-";"-";0;"0";"-";"-";"-";"-";"-";1000;"0";"Unidade";"Análise efetuada";"300";"307";"Depende das demandas licitação e fornecimento de gêneros alimentícios ao longo do ano.";"Segurança Alimentar e Nutricional na Perspectiva do Direito e da Assistência Alimentar";"Gestão da Alimentação Escolar";"Controle de Qualidade e Monitoramento dos Generos Alimentícios"
"25";25;30729125;50000;"0";"Unidade";"Agrofloresta implantada";"2";"0";"-";100500;"0";"Unidade";"Agrofloresta implantada";"2";"2";"-";55000;"0";"Unidade";"Agrofloresta implantada";"2";"6";"O projeto recebeu uma grande aderência do governo no ano de 2019, o que significou maior aporte de recursos financeiros e humanos, razão pela qual o valor final do produto superou a meta estabelecida.";0;"0";"-";"-";"-";"-";"-";"Sustentabilidade e Educação Ambiental";"Preservação Ambiental e Desenvolvimento Sustentável";"Implantação de Agroflorestas Urbanas"
"26";26;30821211;99000;"0";"Unidade";"Território Implantado e Mantido";"8";"0";"-";267500;"0";"Unidade";"Território Implantado e Mantido";"4";"0";"Atend. afetado por restrições impostas pela pandemia e tb por precariedade de acesso ao local e de água.
Feito plantio de mudas p/ compens. ambiental (parc.SMMA), assessoria tec. na UP do Vitória e para participação no edital Feira de AU";8500;"30";"Unidade";"Banco implantado";"1";"0";"A execução financeira registrada refere-se a pagamento de multa de INSS. A meta não foi executada devido ao estágio de implementação do Programa, que focou no ano de 2019 na implantação de unidades produtivas.";16625;"0";"Unidade";"Mudas produzidas";"12000";"0";"Produto definido foi inadequado para a subação. Foi realizada a revisão para o PPAG 2019 e o Produto será UNIDADE IMPLANTADA.";"BH Cidade Sustentável: Mobilizar, Educar e Cultivar Alimentação Saudável";"Fortalecimento da Produção da Agricultura Urbana Agroecológica";"Implantação e Manutenção dos Territórios Sustentáveis"
"27";27;308212110;0;"0";"-";"-";"-";"-";"-";0;"0";"-";"-";"-";"-";"-";180000;"0";"Percentual de execução";"Corredor implantado";"60";"0";"A meta não foi executada, devido a replanejamento interno da Prefeitura. A meta foi suprimida na revisão do PPAG 2020.";41000;"0";"Percentual de execução";"Corredor implantado";"30";"33,5";"A meta física reflete as primeiras ações de elaboração e discussão da intervenção. O ano de 2018 foi destinado ao planejamento, consolidação e articulação do projeto,  com um pequeno avanço além do previsto.";"BH Cidade Sustentável: Mobilizar, Educar e Cultivar Alimentação Saudável";"Implantação de Territórios Sustentáveis";"Implantação corredor Agroecológico"
"28";28;308212111;0;"0";"-";"-";"-";"-";"-";0;"0";"-";"-";"-";"-";"-";0;"0";"-";"-";"-";"-";"-";78250;"0";"Percentual de execução";"Teto produzido";"85";"0";"A meta consistia na implantação de um teto verde no equipamento público do CRJ. Após a análise, foi identificado que a ação é inviável, razão pela qual ela não foi executada.";"BH Cidade Sustentável: Mobilizar, Educar e Cultivar Alimentação Saudável";"Implantação de Territórios Sustentáveis";"Implantação Empreendimento Social de Produção Coletiva da Juventude (Teto verde-CRJ)"
"29";29;308212112;380721;"280189,54";"Unidade";"Sistema Agroecológico Atendido";"160";"16";"-";229537;"224489,12";"Unidade";"Sistema Agroecológico Atendido";"160";"17";"O atendimento às unidades produtivas escolares e institucionais foi bastante afetado pelas restrições impostas pela pandemia, pois várias instituições interromperam suas atividades, especialmente as escolas


";182000;"11710";"Unidade";"Sistema Agroecológico implantado";"160";"223";"Superação da meta física devido à ampliação da demanda.";14000;"0";"Unidade";"Horta ativa";"160";"191";"Em 2018 SMED apresentou novas demandas e havia disponibilidade para oferta de assistência técnica e apoio com insumos (cercamento, oficinas de formação, mudas, ferramentas, adubos e orientação técnica), superando assim a meta definida inicialmente.";"BH Cidade Sustentável: Mobilizar, Educar e Cultivar Alimentação Saudável";"Fortalecimento da Produção da Agricultura Urbana Agroecológica";"Manutenção de Sistemas Agroecológicos em Unidades Produtivas Escolares e Institucionais Novas e Existentes"
"30";30;308212113;0;"0";"-";"-";"-";"-";"-";0;"0";"-";"-";"-";"-";"-";1283882;"1122876,65";"Quilo";"Alimento doado";"250000";"387905,44";"Ampliação da rede de doadores, bem como do estabelecimento de parceria entre os Bancos de Alimentos da RMBH, resultando na superação da meta.";1554000;"613319,25";"Quilo";"Alimento doado";"250000";"210220,87";"Ao se definir a meta foi previsto um aumento de 28% na quantidade de alimentos doados em 2018, porém as organizações parceiras não tiveram aumento no quantitativo de doações, não sendo possível controlar esse resultado, nem atingir a meta definida.";"BH Cidade Sustentável: Mobilizar, Educar e Cultivar Alimentação Saudável";"Implantação de Territórios Sustentáveis";"Central da Agricultura Familiar e Banco de Alimentos"
"31";31;308212114;0;"0";"-";"-";"-";"-";"-";0;"0";"-";"-";"-";"-";"-";144000;"0";"Pessoa";"Facilitador contratado";"8";"0";"Não houve consenso sobre qual o instrumento mais adequado para realização desta contratação, que deve necessariamente estar atrelada a um produto. A meta foi redefinida para 2021, conforme emenda parlamentar realizada na revisão de 2020 do PPAG";0;"0";"-";"-";"-";"-";"-";"BH Cidade Sustentável: Mobilizar, Educar e Cultivar Alimentação Saudável";"Implantação de Territórios Sustentáveis";"Assessoria técnica - facilitadores da agroecologia"
"32";32;30821212;0;"0";"-";"-";"-";"-";"-";0;"0";"-";"-";"-";"-";"-";80000;"0";"Unidade";"Pomar implantado";"5";"4";"A execução contou com insumos adquiridos anteriormente. A superação da meta deveu-se a ampliação na demanda.";12500;"0";"Unidade";"Pomar implantado";"1";"0";"Houve dificuldades na execução dos processos licitatórios, pois o pregão para aquisição das frutíferas fracassou.";"BH Cidade Sustentável: Mobilizar, Educar e Cultivar Alimentação Saudável";"Implantação de Territórios Sustentáveis";"Implantação Pomar Comunitário Agroecológico"
"33";33;30821213;0;"0";"-";"-";"-";"-";"-";0;"0";"-";"-";"-";"-";"-";1e+05;"10285";"Unidade";"Quintal beneficiado";"200";"319";"Ampliação da meta devido à ampla demanda e parceria com EMATER";54000;"0";"Unidade";"Família beneficiada";"5";"152";"Meta foi subestimada. Foi realizada revisão para PPAG 2019";"BH Cidade Sustentável: Mobilizar, Educar e Cultivar Alimentação Saudável";"Implantação de Territórios Sustentáveis";"Atendimento Quintal Produtivo Agroecológico"
"34";34;30821214;992559;"1046313,48";"Unidade";"Sistema Agroecológico Atendido";"64";"63";"-";712890;"574171,86";"Unidade";"Sistema Agroecológico Atendido";"48";"40";"Para a implantação de sistemas são necessárias atividades presenciais, que foram bastante afetadas pelas restrições impostas pela pandemia


";517500;"910152,07";"Unidade";"Sistema Agroecológico implantado";"69";"41";"A meta estava super dimensionada. O número foi corrigido na revisão do PPAG 2020.";1456000;"771394,31";"Unidade";"Horta ativa";"73";"28";"Números iniciais agregavam HORTAS COMUNITARIAS E INSTITUCIONAIS. Houve a adequação separando-os em duas subações. Porém não se retirou os valores correspondentes e o total de ambos permaneceu na subação Hortas Comunitárias.";"BH Cidade Sustentável: Mobilizar, Educar e Cultivar Alimentação Saudável";"Fortalecimento da Produção da Agricultura Urbana Agroecológica";"Implantação e Manutenção de Sistemas Agroecológicos em Unidades Produtivas Coletivas/Comunitárias"
"35";35;30821215;0;"0";"-";"-";"-";"-";"-";0;"0";"-";"-";"-";"-";"-";1000;"0";"Unidade";"Viveiro implantado";"1";"1";"Valor executado com insumos comprados anteriormente";16125;"0";"Unidade";"Mudas produzidas";"12000";"248000";"Produto não relacionado à subação, mas como não havia uma meta específica para lançá-lo, o registro foi feito aqui. Meta ultrapassada em função do aumento na produção total de mudas no ano. Foi realizada revisão para 2019 e o produto será PERCENTUAL";"BH Cidade Sustentável: Mobilizar, Educar e Cultivar Alimentação Saudável";"Implantação de Territórios Sustentáveis";"Implantação Viveiro de Mudas Agroecológico"
"36";36;30821216;400084;"103425,15";"Pessoa";"Pessoa capacitada";"2000";"118";"-";446070;"137892,6";"Pessoa";"Pessoa capacitada";"2000";"112";"As ações de formação são presenciais e foram inviabilizadas pelas restrições impostas pela pandemia, especialmente as ações em parceria com o Programa EcoEscola que foram canceladas


";500;"0";"Pessoa";"Pessoa capacitada";"2000";"2850";"As oficinas são realizadas apenas com o uso de recursos humanos. Ampliação da meta devido à ampla demanda.";52000;"0";"Unidade";"Pessoa capacitada";"500";"1664";"A meta foi ultrapassada porque foi subdimensionada na elaboração inicial do PPAG. Foi realizada revisão para PPAG 2019";"BH Cidade Sustentável: Mobilizar, Educar e Cultivar Alimentação Saudável";"Fortalecimento da Produção da Agricultura Urbana Agroecológica";"Formação e Qualificação em Agricultura Urbana e Agroecologia"
"37";37;30821217;0;"0";"-";"-";"-";"-";"-";0;"0";"-";"-";"-";"-";"-";0;"0";"-";"-";"-";"-";"-";92500;"10200";"Percentual de execução";"Grupo implantado";"69";"69";"-";"BH Cidade Sustentável: Mobilizar, Educar e Cultivar Alimentação Saudável";"Implantação de Territórios Sustentáveis";"Implantação de grupos de Produção e Comercialização"
"38";38;30821218;0;"0";"-";"-";"-";"-";"-";0;"0";"-";"-";"-";"-";"-";1500;"0";"Percentual";"Empreendimento implantado";"15";"0";"Meta não realizada devido ao estágio de execução do Programa";355500;"0";"Percentual de execução";"Grupo implantado";"15";"0";"Houve alteração da meta para 2018. A ação não se iniciou, devido a revisão na metodologia do Programa e aprofundamento de estudos.";"BH Cidade Sustentável: Mobilizar, Educar e Cultivar Alimentação Saudável";"Implantação de Territórios Sustentáveis";"Agroindústria de Pequeno Porte"
"39";39;30821219;60000;"0";"Unidade";"Centro Implantado mantido";"1";"1";"-";332000;"59950";"Unidade";"Centro Implantado mantido";"1";"1";"-";28650;"0";"Percentual de execução";"Núcleo implantado";"50";"50";"-";54000;"0";"Percentual de execução";"Núcleo implantado";"15";"15";"-";"BH Cidade Sustentável: Mobilizar, Educar e Cultivar Alimentação Saudável";"Fortalecimento da Produção da Agricultura Urbana Agroecológica";"Implantação e Manutenção do Centro de Agroecologia e Educação Ambiental para Resíduos Orgânicos"
"40";40;30823051;158000;"0";"Pessoa";"Agricultor / a Familiar beneficiado / a";"125";"8";"-";1000;"0";"Pessoa";"Produtor beneficiado";"50";"43";"Meta não executada plenamente devido a prazos e proced. adm. Qdo o Chamamento Público foi publicado, não era mais possível o fornecimento de todos os gêneros (período de safra) e alguns agricultores optaram por entregar para outros municípios.";121100;"49615,76";"Pessoa";"Produtor beneficiado";"70";"43";"A diminuição da meta deve-se à diminuição do valor disponibilizado para o PAA pelo Governo Federal, em relação ao valor esperado, além de atraso na execução do chamamento público vigente, que terminará em março de 2020.";968000;"928250,44";"Pessoa";"Produtor beneficiado";"70";"46";"Meta estipulada com base no recurso a ser disponibilizado pelo governo federal. Em 2018 foi considerado valor remanescente do liberado em 2017 e havia expectativa de recebimento de novos recursos que so ocorreu em dezembro, inviabilizando plena exec.";"BH Cidade Sustentável: Mobilizar, Educar e Cultivar Alimentação Saudável";"Fortalecimento da Comercialização Direta da Agricultura Urbana e Familiar e Apoio ao Abastecimento";"Operacionalização do Programa de Aquisição de Alimentos da Agricultura Familiar - PAA"
"41";41;308230510;0;"0";"-";"-";"-";"-";"-";0;"0";"-";"-";"-";"-";"-";0;"0";"-";"-";"-";"-";"-";1000;"0";"Percentual de execução";"Intervenção implantada";"25";"0";"As ações de revitalização do Centro de Abastecimento Municipal (CAM) ficaram suspensas  em 2018 em função do andamento do  Procedimento de Manifestação de Interesse (PMI) dos mercados públicos do município.a cargo da PBH Ativos.";"BH Cidade Sustentável: Mobilizar, Educar e Cultivar Alimentação Saudável";"Fortalecimento da Comercialização Direta da Agricultura Urbana e Familiar e Apoio ao Abastecimento";"Revitalização do Centro de Abastecimento Municipal"
"42";42;308230511;0;"0";"-";"-";"-";"-";"-";0;"0";"-";"-";"-";"-";"-";0;"0";"-";"-";"-";"-";"-";531070;"587358,91";"-";"-";"-";"-";"-";"BH Cidade Sustentável: Mobilizar, Educar e Cultivar Alimentação Saudável";"Fortalecimento da Comercialização Direta da Agricultura Urbana e Familiar e Apoio ao Abastecimento";"Monitoramento aos mercados e acompanhamento de preços no varejo"
"43";43;308230514;0;"0";"-";"-";"-";"-";"-";0;"0";"-";"-";"-";"-";"-";19000;"0";"Percentual de execução";"Sistema desenvolvido";"25";"0";"A ação não foi executada devido a outras priorizações. A ação foi retirada do escopo na revisão do PPAG 2020.";5000;"0";"Percentual de execução";"Sistema desenvolvido";"50";"0";"A ação não foi iniciada em 2018, pois  ainda está sendo estudada a necessidade de desenvolvimento de uma plataforma ou a adaptação de alguma existente.";"BH Cidade Sustentável: Mobilizar, Educar e Cultivar Alimentação Saudável";"Fortalecimento da Comercialização Direta da Agricultura Urbana e Familiar e Apoio ao Abastecimento";"Plataformas digitais de divulgação e articulação de experiências de consumo saudável"
"44";44;308230515;34000;"0";"Unidade";"Ponto de Comercialização Ativo";"20";"10";"-";31000;"2302,5";"Unidade";"Ponto de Comercialização Ativo";"20";"0";"Foram realizadas atividades e aquisições, como compra de uniformes e barracas, visando a implantação das Feiras de Agricultura Urbana. Contudo, o Edital de Chamamento de Fevereiro/2020 foi suspenso em função da Pandemia Covid.";36000;"37280";"Unidade";"Feira realizada";"3";"0";"O Edital foi concluído, mas está em etapa final de tramitação, para abertura no primeiro bimestre de 2020. As despesas realizadas em 2019 são ref aquisição equipamentos e barracas.";50000;"5737,5";"Unidade";"Equipamento adquirido";"3";"0";"Aquisições já se iniciaram, não sendo concluídas devido dificuldades na execução dos processos licitatórios, em especial para obtenção de orçamentos nas especificidades exigidas pela PBH. Previsão de conclusão das aquisições no primeiro semestre 2019";"BH Cidade Sustentável: Mobilizar, Educar e Cultivar Alimentação Saudável";"Fortalecimento da Comercialização Direta da Agricultura Urbana e Familiar e Apoio ao Abastecimento";"Implantação e Manutenção da Feira de Agricultura Urbana e Pontos Regionais de Comercialização da Agricultura Urbana"
"45";45;308230517;1793951;"910338,69";"Tonelada";"Alimento doado";"250";"292,99";"Aumento do volume de coletas eventuais durante a pandemia permitiu maior nº de doações para as instituições recebedoras";1805290;"1062904,82";"Tonelada";"Alimento doado";"250000";"428410,8";"Durante os primeiros meses de pandemia ocorreu um aumento no volume de doações";0;"0";"-";"-";"-";"-";"-";0;"0";"-";"-";"-";"-";"-";"BH Cidade Sustentável: Mobilizar, Educar e Cultivar Alimentação Saudável";"Fortalecimento da Comercialização Direta da Agricultura Urbana e Familiar e Apoio ao Abastecimento";"Banco de Alimentos: doação de alimentos a instituições socioassistenciais"
"46";46;308230518;2000;"0";"Unidade";"Mercado Revitalizado";"4";"0";"-";0;"0";"-";"-";"-";"-";"-";0;"0";"-";"-";"-";"-";"-";0;"0";"-";"-";"-";"-";"-";"BH Cidade Sustentável: Mobilizar, Educar e Cultivar Alimentação Saudável";"Fortalecimento da Comercialização Direta da Agricultura Urbana e Familiar e Apoio ao Abastecimento";"Mercados Municipais Revitalizados"
"47";47;308230519;1500;"0";"Unidade";"Central implantada";"1";"1";"-";0;"0";"-";"-";"-";"-";"-";0;"0";"-";"-";"-";"-";"-";0;"0";"-";"-";"-";"-";"-";"BH Cidade Sustentável: Mobilizar, Educar e Cultivar Alimentação Saudável";"Fortalecimento da Comercialização Direta da Agricultura Urbana e Familiar e Apoio ao Abastecimento";"Implantação da Central de Abastecimento da Agricultura Familiar e Urbana"
"48";48;30823052;26000;"0";"Unidade";"Ponto de Comercialização Ativo";"400";"252";"-";1000;"0";"Unidade";"Ponto de Comercialização Ativo";"300";"272";"O edital realizado em 2019/2020 não resultou na ocupação de todos os pontos de comercialização ofertados. Ademais, por conta da pandemia, tivemos algumas desistências e não foi possível fazer um novo chamamento para recompor as vagas disponíveis.";5000;"0";"Unidade";"Feira realizada";"59";"59";"Para além do custo administrativo, não há custo financeiro, pois a execução é realizada por meio de editais de permissão precária de uso de logradouro público, o que gera arrecadação ao município por meio do pagamento do valor do Documento Municipal.";0;"0";"Unidade";"Feira realizada";"59";"59";"-";"BH Cidade Sustentável: Mobilizar, Educar e Cultivar Alimentação Saudável";"Fortalecimento da Comercialização Direta da Agricultura Urbana e Familiar e Apoio ao Abastecimento";"Feiras Livres"
"49";49;30823053;1000;"0";"Unidade";"Ponto de Comercialização Ativo";"27";"22";"-";1000;"0";"Unidade";"Ponto de Comercialização Ativo";"30";"24";"O edital realizado em 2019/2020 não resultou na ocupação de todos os pontos de comercialização ofertados. Ademais,  por conta da pandemia, tivemos algumas desistências e não foi possível fazer um novo chamamento para recompor as vagas disponíveis.


";5000;"0";"Unidade";"Feira realizada";"2";"2";"Para além do custo administrativo, não há custo financeiro, pois a execução é realizada por meio de editais de permissão precária de uso de logradouro público, o que gera arrecadação ao município por meio do pagamento do valor do DML";0;"0";"Unidade";"Feira realizada";"2";"2";"-";"BH Cidade Sustentável: Mobilizar, Educar e Cultivar Alimentação Saudável";"Fortalecimento da Comercialização Direta da Agricultura Urbana e Familiar e Apoio ao Abastecimento";"Realização de Feiras gastronômicas culturais - Feira Modelo"
"50";50;30823054;1000;"0";"Unidade";"Ponto de Comercialização Ativo";"50";"32";"-";1000;"0";"Unidade";"Ponto de Comercialização Ativo";"50";"39";"Por conta da pandemia tivemos algumas desistências e não foi possível fazer um novo chamamento para recompor os pontos de comercialização disponíveis.


";5000;"0";"Quilo";"Alimento comercializado";"4e+05";"652855,42";"A superação da meta do ano diz respeito ao aumento da demanda pelos produtos comercializados.";0;"0";"Quilo";"Alimento comercializado";"3500";"524406,33";"Os dados desta meta são fornecidos pelos feirantes  por meio de romaneio. Em 2018 a comercialização superou a meta estabelecida. Foi realizada revisão para PPAG 2019";"BH Cidade Sustentável: Mobilizar, Educar e Cultivar Alimentação Saudável";"Fortalecimento da Comercialização Direta da Agricultura Urbana e Familiar e Apoio ao Abastecimento";"Comercialização direta de produtores da região metropolitana de BH - Direto da Roça"
"51";51;30823055;1500;"0";"Unidade";"Ponto de Comercialização Ativo";"25";"20";"-";1000;"0";"Unidade";"Ponto de Comercialização Ativo";"25";"21";"O edital realizado em 2019/2020 não resultou na ocupação de todos os pontos de comercialização ofertados. Ademais,  por conta da pandemia, tivemos algumas desistências e não foi possível fazer um novo chamamento para recompor as vagas disponíveis.";5000;"0";"Quilo";"Alimento comercializado";"90000";"109970,67";"Superação da meta devido ao aumento da comercialização de produtos orgânicos";10000;"0";"Quilo";"Alimento comercializado";"300";"97960,65";"Os dados desta meta são fornecidos pelos feirantes  por meio de romaneio. Em 2018 a comercialização superou a meta estabelecida. Foi realizada revisão para PPAG 2019";"BH Cidade Sustentável: Mobilizar, Educar e Cultivar Alimentação Saudável";"Fortalecimento da Comercialização Direta da Agricultura Urbana e Familiar e Apoio ao Abastecimento";"Comercialização de Alimentos Orgânicos Direto do Produtor - Feira de Orgânicos"
"52";52;30823056;92577;"49109,98";"-";"-";"-";"-";"-";78566;"74929,71";"-";"-";"-";"-";"-";50300;"20213,31";"Unidade";"Feira monitorada";"200";"217";"Após redefinições logísticos gerenciais no monitoramento logrou-se cumprir a meta com pequena superação.";6000;"0";"Unidade";"Feira realizada";"15";"4";"Execução abaixo da meta dadas as restrições administrativas e/ou gerenciais, quanto a logística para a realização do trabalho (indisponibilidade de veículo). Realizada a revisão para 2019, readequando produto que será APOIO TECNICO REALIZADO";"BH Cidade Sustentável: Mobilizar, Educar e Cultivar Alimentação Saudável";"Fortalecimento da Comercialização Direta da Agricultura Urbana e Familiar e Apoio ao Abastecimento";"Monitoramento às Feiras da Capital"
"53";53;30823057;1000;"0";"Tonelada";"Alimento comercializado";"35";"14,57";"-";1000;"0";"Tonelada";"Alimento comercializado";"35000";"23485,61";"Por conta da pandemia, houve uma redução significativa do número de consumidores nas unidades do Programa e, por consequência, queda no volume de alimentos comercializados.


";5000;"0";"Quilo";"Alimento comercializado";"35000";"24163,64";"A meta anual não foi atingida devido a diminuição da demanda pelos produtos comercializados nos equipamentos.";0;"0";"Tonelada";"Alimento comercializado";"40000";"25625,83";"Execução inferior devido a diminuição nas vendas em relação a 2017, entrega da unidade do Alto Vera Cruz e fechamento de duas unidades para realização de reforma (Saudade e Betânia).";"BH Cidade Sustentável: Mobilizar, Educar e Cultivar Alimentação Saudável";"Fortalecimento da Comercialização Direta da Agricultura Urbana e Familiar e Apoio ao Abastecimento";"Programa Abastecer - Alimentos a Baixo Custo"
"54";54;30823059;0;"0";"-";"-";"-";"-";"-";0;"0";"-";"-";"-";"-";"-";0;"0";"-";"-";"-";"-";"-";1000;"0";"Percentual de execução";"Intervenção implantada";"25";"0";"As ações de revitalização da Feira Coberta do Padre Eustáquio ficaram suspensas  em 2018 em função do andamento do  Procedimento de Manifestação de Interesse (PMI) dos mercados públicos do município.a cargo da PBH Ativos.";"BH Cidade Sustentável: Mobilizar, Educar e Cultivar Alimentação Saudável";"Fortalecimento da Comercialização Direta da Agricultura Urbana e Familiar e Apoio ao Abastecimento";"Revitalização da Feira Coberta do Padre Eustáquio"
"55";55;30823311;48170;"0";"Pessoa";"Pessoa Participante";"10000";"5194";"-";27752;"13376,7";"Pessoa";"Pessoa Participante";"10000";"834";"Devido ao período de isolamento social exigido pela situação de pandemia todas as atividades foram suspensas.";65000;"82271,95";"Pessoa";"Pessoa Participante";"10000";"15711";"revisão da metodologia de atendimento do Projeto Esquadrão da alimentação nas escolas impactando no atendimento a partir de agosto. Expansão do projeto para todos os anos do ensino fundamental e atendimento simultâneo: maior número de turmas por dia.";69154;"47162,15";"Pessoa";"Pessoa Participante";"9000";"14675";"A meta foi ultrapassada devido ao público atendido em eventos de mobilização em massa realizados no Restaurante Popular e que não haviam sido planejados antecipadamente.";"BH Cidade Sustentável: Mobilizar, Educar e Cultivar Alimentação Saudável";"Mobilização e Educação para o consumo Alimentar Saudável e para Segurança Alimentar e Nutricional";"Estratégias Educativas para Promoção do Consumo Alimentar Saudável e Sustentável com Ferramentas Lúdicas de Mobilização"
"56";56;30823312;11980;"111,19";"Pessoa";"Pessoa capacitada";"200";"42";"-";6000;"1305,52";"Pessoa";"Pessoa capacitada";"200";"0";"Foram realizadas aquisições para formação de professores e coordenadores pedagógicos nas escolas da rede sobre abordagem de educação alimentar e nutricional, mas com a suspensão das auas em função da pandemia (Covid-19) não foi possível realizá-las";0;"0";"Pessoa";"Pessoa capacitada";"2200";"7564";"ampliação do número de alunos por evento pelo grupo de teatro MOBS no Projeto Esquadrão da Alimentação e incorporação da ação de arte mobilização a eventos de EAN com parceiros na cidade (SMEL e SMSA) geraram um alcance maior do que previsto.";20000;"0";"Pessoa";"Pessoa capacitada";"2000";"3689";"Ampliação do calendário de cursos de Boas Práticas com participação do grupo de arte mobilização, bem como parceria em todos os eventos de culminância do Projeto Esquadrão da Alimentação geraram um alcance maior do que o público participante previsto";"BH Cidade Sustentável: Mobilizar, Educar e Cultivar Alimentação Saudável";"Mobilização e Educação para o consumo Alimentar Saudável e para Segurança Alimentar e Nutricional";"Formação e Assessoria Tecnica para Multiplicadores em Educação Alimentar e Nutricional"
"57";57;30823313;4000;"0";"Unidade";"Evento realizado";"6";"0";"-";6000;"0";"Unidade";"Evento realizado";"6";"0";"Devido ao período de isolamento social exigido pela situação de pandemia todas as atividades foram suspensas.";5000;"0";"Unidade";"Evento realizado";"6";"8";"Incorporação da Educação Alimentar e Nutricional (EAN) a eventos com parceiros na cidade e atendimento aos Restaurantes Populares levaram à superação da meta";20000;"0";"Unidade";"Evento realizado";"9";"10";"A meta foi ultrapassada devido ao público atendido em eventos de mobilização em massa realizados no Restaurante Popular e que não haviam sido planejados antecipadamente e pela celebração de parcerias em eventos com Órgãos como SMED, SLU, CMBH.";"BH Cidade Sustentável: Mobilizar, Educar e Cultivar Alimentação Saudável";"Mobilização e Educação para o consumo Alimentar Saudável e para Segurança Alimentar e Nutricional";"Circuitos de Segurança Alimentar e Nutricional Sustentável"
"58";58;30823314;57533;"34485,76";"Pessoa";"Pessoa Participante";"400";"0";"-";50244;"46584,14";"Pessoa";"Pessoa Participante";"400";"73";"Devido ao período de isolamento social exigido pela situação de pandemia todas as atividades foram suspensas.";41680;"42753,46";"Pessoa";"Pessoa Participante";"400";"598";"Ampliação da demanda, conforme justificativa anterior";82500;"40218,31";"Unidade";"Pessoa capacitada";"400";"564";"A meta foi ultrapassada em virtude da assiduidade das cantineiras nos cursos (turmas completas) e a redef. do nº inicialmente prev. de cursos para atender a demanda atual de cantineiras, considerando a rotatividade e a necessidade de cursos de aperf.";"BH Cidade Sustentável: Mobilizar, Educar e Cultivar Alimentação Saudável";"Mobilização e Educação para o consumo Alimentar Saudável e para Segurança Alimentar e Nutricional";"Qualificação em Boas Práticas para Manipuladores de Alimentos"
"59";59;30823342;31788;"0";"-";"-";"-";"-";"-";348962;"29514,51";"-";"-";"-";"-";"-";0;"0";"-";"-";"-";"-";"-";0;"0";"-";"-";"-";"-";"-";"BH Cidade Sustentável: Mobilizar, Educar e Cultivar Alimentação Saudável";"Participação Popular";"Apoio aos Conselhos Municipais"
"60";60;30829231;318268;"87242,35";"Unidade";"Certificado emitido";"1650";"123";"-";378917;"148226,14";"Unidade";"Certificado emitido";"1650";"953";"Oferta dos cursos de forma online da trilha de agroecologia de alunos que se matricularam em fevereiro (adesão menor do que se fosse presencial).  Nas demais trilhas nosso público tem restrição de acesso à internet e  pelo formato de aulas práticas";380418;"167521,1";"Pessoa";"Pessoa certificada";"1000";"3055";"Houve aumento na demanda, em especial das turmas de agroecologia, o que resultou em aumento da oferta, com ganho de eficiência, bem como na revisão da meta de 2020";185269;"117545,8";"Pessoa";"vaga ofertada";"800";"1405";"Implantação do Curso de Agroecologia, em modelo teórico, que permitiu com poucos recursos, atender maior demanda de usuários";"BH Cidade Sustentável: Mobilizar, Educar e Cultivar Alimentação Saudável";"Valorização da Gastronomia articulada à Produção Agroecológica e Orgânica";"Realização de Cursos de Qualificação nas Áreas de Gastronomia, Empreendedorismo Grastronômico e Agroecologia"
"61";61;30829232;0;"0";"-";"-";"-";"-";"-";0;"0";"-";"-";"-";"-";"-";0;"0";"-";"-";"-";"-";"-";2e+05;"0";"Percentual de execução";"Equipamento revitalizado";"25";"22";"As reformas foram realizadas pela Secretaria Municipal de Obras e Infraestrutura, portanto, não houve necessidade de dispêndio financeiro.";"BH Cidade Sustentável: Mobilizar, Educar e Cultivar Alimentação Saudável";"Valorização da Gastronomia articulada à Produção Agroecológica e Orgânica";"Adequação da Estrutura do Mercado da Lagoinha"
"62";62;30829232;0;"0";"-";"-";"-";"-";"-";0;"0";"-";"-";"-";"-";"-";0;"0";"-";"-";"-";"-";"-";2e+05;"0";"Percentual de execução";"Equipamento revitalizado";"25";"22";"As reformas foram realizadas pela Secretaria Municipal de Obras e Infraestrutura, portanto, não houve necessidade de dispêndio financeiro.";"BH Cidade Sustentável: Mobilizar, Educar e Cultivar Alimentação Saudável";"Valorização da Gastronomia articulada à Produção Agroecológica e Orgânica";"Adequação da Estrutura do Mercado da Lagoinha"
"63";63;30829233;37500;"0";"Unidade";"Evento realizado";"3";"0";"-";1000;"0";"Unidade";"Evento realizado";"3";"1";"Não foi possível executar, a partir de março, devido as ações de contenção da Pandemia COVID 19";0;"0";"Unidade";"Evento realizado";"6";"3";"Revisão de Calendário, uma vez que houve atrasos na subação 0005, e as ações estavam progamadas para ocorrer simultâneamente";0;"0";"Unidade";"Evento realizado";"10";"2";"Não foram realizados mais eventos em 2018, devido à capacidade da equipe.";"BH Cidade Sustentável: Mobilizar, Educar e Cultivar Alimentação Saudável";"Valorização da Gastronomia articulada à Produção Agroecológica e Orgânica";"Realização de Eventos Gastronômico-Culturais"
"64";64;30829234;0;"0";"-";"-";"-";"-";"-";0;"0";"-";"-";"-";"-";"-";0;"0";"-";"-";"-";"-";"-";0;"0";"Unidade";"Ponto instalado";"11";"0";"A ação não foi realizada por indisponibilidade de equipe. A ação foi retirada do PPAG no âmbito da revisão de 2019.";"BH Cidade Sustentável: Mobilizar, Educar e Cultivar Alimentação Saudável";"Valorização da Gastronomia articulada à Produção Agroecológica e Orgânica";"Instalação de Pontos de Comercialização"
"65";65;30829235;20000;"0";"Pessoa";"Pessoa Participante";"180";"0";"-";20000;"0";"Pessoa";"Pessoa Participante";"180";"78";"Não foi possível executar, apartir de março, devido as ações de contenção da Pandemia COVID 19";4000;"2400";"Pessoa";"Pessoa Participante";"180";"95";"Trata-se de Workshop's de técnicas culinárias tradicionais, mas o Termo de referência p execução de parte das ações está em etapa final p publicação. A meta realizada ocorreu com a utilização de recursos disponíveis no Mercado da Lagoinha, sem custos";10000;"0";"Unidade";"Evento realizado";"50";"16";"A meta foi superestimada para o ano de 2018. Para a revisão do ano de 2019, a meta foi alterada para quantidade de pessoas atendidas.";"BH Cidade Sustentável: Mobilizar, Educar e Cultivar Alimentação Saudável";"Valorização da Gastronomia articulada à Produção Agroecológica e Orgânica";"Realização de Oficinas, Rodas de Negócios e Workshop"
